id,Name,titleProject_id,class,score,login,password
0,Сербин Геннадий Михаилович,7,8в,2,UECpi27I,Сербин_ГМ
1,Папандина Клавдия Яковлевна,304,9в,5,qM4mcoxL,Папандина_КЯ
2,Белагина Галина Андреевна,396,9а,4,AMUu8GbR,Белагина_ГА
3,Кижняева Анна Леонидовна,178,7и,2,6MqR48wB,Кижняева_АЛ
4,Цывин Олег Яковлевич,446,7т,2,X8FRhR5J,Цывин_ОЯ
5,Жидняева Ксения Эдуардовна,373,7х,4,MXj7JjWx,Жидняева_КЭ
6,Липковский Анатолий Иванович,144,10а,2,i8CsJCHD,Липковский_АИ
7,Меднова Наталья Богдановна,290,7и,5,3s9mUwIN,Меднова_НБ
8,Житихин Вячеслав Романович,141,9а,5,BAaDx5aN,Житихин_ВР
9,Шеврина Полина Максимовна,33,11а,5,Su91FHNZ,Шеврина_ПМ
10,Алпеев Валентин Данилович,323,8а,2,cFVR8Gtf,Алпеев_ВД
11,Золикова Клара Игоревна,364,10х,2,8tufgU3C,Золикова_КИ
12,Дориков Дмитрий Петрович,296,10г,5,D9M3zj92,Дориков_ДП
13,Корабышев Кирилл Михаилович,302,8и,5,g0gPolAh,Корабышев_КМ
14,Ростовиков Константин Николаевич,336,10а,2,CwY8GR36,Ростовиков_КН
15,Нехаев Дмитрий Фёдорович,129,7х,4,1Bqj306c,Нехаев_ДФ
16,Зызлова Мария Николаевна,430,8г,3,tkgQr609,Зызлова_МН
17,Королупов Валерий Тимофеевич,397,10д,5,69an17RQ,Королупов_ВТ
18,Стенцов Евгений Яковлевич,315,8и,4,4Ai6QTjn,Стенцов_ЕЯ
19,Феклисов Константин Виталиевич,270,9т,None,Am72RQHr,Феклисов_КВ
20,Синелев Руслан Тимофеевич,300,8и,2,FigjTz2V,Синелев_РТ
21,Опевалова Вера Евгеньевна,473,9д,5,WMYDf7yn,Опевалова_ВЕ
22,Назерова Вероника Василевна,206,7б,5,n5UUIUWm,Назерова_ВВ
23,Дименская Светлана Дмитриевна,387,9д,5,zTAdF5ec,Дименская_СД
24,Ковторева Раиса Василевна,482,9и,2,yUYI7v8X,Ковторева_РВ
25,Кулишнин Вячеслав Яковлевич,386,11х,5,90JPX7bV,Кулишнин_ВЯ
26,Лексин Кирилл Антонович,139,7в,5,fU6MlONm,Лексин_КА
27,Лаковский Григорий Василиевич,240,7д,5,qJnnrnj9,Лаковский_ГВ
28,Барамыкова Александра Алексеевна,106,10а,3,AA7MUkQ2,Барамыкова_АА
29,Плясулина Оксана Андреевна,346,8х,2,4kzVVF2x,Плясулина_ОА
30,Петрикеев Станислав Яковлевич,14,7и,4,ZbmH7Q2F,Петрикеев_СЯ
31,Моторыгин Илья Георгиевич,238,10и,5,21PsDDOO,Моторыгин_ИГ
32,Рыков Тарас Павлович,174,10и,5,u0JxuNyx,Рыков_ТП
33,Иончикова Елизавета Егоровна,169,8д,5,x0aWo7Vx,Иончикова_ЕЕ
34,Смолькина Алиса Егоровна,441,7г,5,qAe36OdS,Смолькина_АЕ
35,Оболенин Герасим Павлович,472,7и,4,6ksH0fu7,Оболенин_ГП
36,Трощинский Георгий Борисович,67,9д,3,SASM1B7y,Трощинский_ГБ
37,Поддубская Лиза Игоревна,496,10а,4,Qredj1y4,Поддубская_ЛИ
38,Телькова Валерия Олеговна,335,7х,4,RFJ3u73H,Телькова_ВО
39,Чигварина Александра Алексеевна,428,10б,2,KS7oIglp,Чигварина_АА
40,Киреевский Артур Игоревич,119,7в,3,LHDQX9hL,Киреевский_АИ
41,Шумейкин Роман Павлович,420,8в,5,8jjeZe93,Шумейкин_РП
42,Трушинов Максим Алексиевич,82,8и,4,4CdbmbF1,Трушинов_МА
43,Голюков Денис Сергеевич,62,11б,4,klpPP0EN,Голюков_ДС
44,Хлиманкова Надежда Валерьевна,461,10б,3,8osZ5jTr,Хлиманкова_НВ
45,Кулаженков Алексей Олегович,367,10в,2,kliY8ItY,Кулаженков_АО
46,Бутукин Владимир Адамович,221,7х,5,u2VtsRF5,Бутукин_ВА
47,Поддуев Леонид Олегович,149,9х,4,Uap0dB1d,Поддуев_ЛО
48,Ревцев Василий Павлович,360,9х,5,cmCmYJ5G,Ревцев_ВП
49,Старокожев Артём Юрьевич,46,8д,3,pBZGv3S4,Старокожев_АЮ
50,Светошев Максим Михаилович,321,10х,2,1DdCsktJ,Светошев_ММ
51,Старынина Кристина Федоровна,266,9д,3,3sMs3VpU,Старынина_КФ
52,Востров Дмитрий Денисович,282,9г,3,9oSghwGi,Востров_ДД
53,Бураханова Анастасия Леонидовна,16,8г,2,nGeFR6F1,Бураханова_АЛ
54,Понизов Виктор Кириллович,214,11и,5,2oUclaBT,Понизов_ВК
55,Суздалев Валерий Алексеевич,66,11т,5,XwsXL0Sg,Суздалев_ВА
56,Колендин Дмитрий Алексеевич,153,10в,4,j9iHobLv,Колендин_ДА
57,Сулькова Екатерина Андреевна,325,8и,4,5quF6XH1,Сулькова_ЕА
58,Аржевитова Надежда Федоровна,242,10в,2,D7tOzvqn,Аржевитова_НФ
59,Крассов Валерий Олегович,201,8х,5,Jh3rieBe,Крассов_ВО
60,Сонураева Инна Андреевна,450,9т,3,7Fbu9pEk,Сонураева_ИА
61,Пашин Роман Вадимович,204,10д,2,V1zWFDOJ,Пашин_РВ
62,Фичкина Евгения Федоровна,29,11д,3,cWPYIV6O,Фичкина_ЕФ
63,Свилин Олег Виталиевич,123,8в,2,YwJvY5op,Свилин_ОВ
64,Рогоцкий Андрей Адамович,142,9в,2,1TfozvLj,Рогоцкий_АА
65,Ахантьев Игорь Валериевич,80,10д,5,mLD5gh54,Ахантьев_ИВ
66,Сочиникова Ксения Кирилловна,100,10д,2,DKBOa5Et,Сочиникова_КК
67,Остюков Артур Романович,329,11и,3,daQS14wt,Остюков_АР
68,Брюкина Оксана Викторовна,98,8в,5,OmPuxv81,Брюкина_ОВ
69,Кузовенков Игорь Юрьевич,322,9г,None,FsL3g18S,Кузовенков_ИЮ
70,Калухов Тарас Иванович,207,11а,3,kECRFiK4,Калухов_ТИ
71,Батыров Пётр Виталиевич,227,7и,3,gmG5ja4j,Батыров_ПВ
72,Озрина Катерина Валерьевна,147,10а,4,xEZ7lehw,Озрина_КВ
73,Декалова Полина Леонидовна,470,11д,5,HZYda8XG,Декалова_ПЛ
74,Лосицкий Владимир Кириллович,369,9т,5,x3bExIla,Лосицкий_ВК
75,Магнусов Пётр Максимович,437,7и,5,7W2GwDrL,Магнусов_ПМ
76,Лавренков Михаил Василиевич,188,9б,2,4uifti9X,Лавренков_МВ
77,Шушкалова Вероника Алексеевна,411,8т,5,4e2TPsQO,Шушкалова_ВА
78,Бороданова Маргарита Дмитриевна,118,7г,5,Cebrhg6m,Бороданова_МД
79,Циркина Виолетта Федоровна,231,9г,2,6J4zOqev,Циркина_ВФ
80,Болохина Екатерина Андреевна,194,11д,3,0bBmsaDm,Болохина_ЕА
81,Чукалова Дарья Валерьевна,20,10г,4,8PNJfWEi,Чукалова_ДВ
82,Беловолов Степан Петрович,222,9д,2,1ISbLEqR,Беловолов_СП
83,Зудейкина Вероника Ивановна,166,8и,3,nSk11ur9,Зудейкина_ВИ
84,Макунова Мария Борисовна,47,9в,5,Zl4D8TyM,Макунова_МБ
85,Верзанский Геннадий Андреевич,497,7д,5,Kmf9dFQz,Верзанский_ГА
86,Алтубин Ярослав Леонидович,414,10г,5,tsXbzK8q,Алтубин_ЯЛ
87,Аузин Игорь Алексиевич,435,8х,5,aXdlzz2f,Аузин_ИА
88,Калыгин Степан Тимофеевич,353,8и,2,KAwsg0Hk,Калыгин_СТ
89,Дурныгина Полина Игоревна,72,8и,2,OZY9eLQO,Дурныгина_ПИ
90,Антюфеева Александра Вадимовна,347,8и,2,xUzrsYK8,Антюфеева_АВ
91,Лощинский Борис Романович,210,10б,3,1Ug26uIW,Лощинский_БР
92,Ходорков Евгений Виталиевич,344,9г,5,U6NEzpQV,Ходорков_ЕВ
93,Кафорин Федор Данилович,427,10д,3,HObxg2TD,Кафорин_ФД
94,Косынская Алиса Дмитриевна,40,9в,3,aM8c7tRM,Косынская_АД
95,Беремцев Артём Антонович,434,11т,2,PuchsPq2,Беремцев_АА
96,Влянская Мария Андреевна,490,7т,4,3INnuqoF,Влянская_МА
97,Мыгеева Лиза Василевна,280,8в,5,fqP4JcZg,Мыгеева_ЛВ
98,Акутникова Мария Алексеевна,173,11в,2,nj8jsAnK,Акутникова_МА
99,Карябкин Константин Максимович,89,7и,2,TO6L40iK,Карябкин_КМ
100,Прилепина Яна Максимовна,30,10в,5,06NhmFBa,Прилепина_ЯМ
101,Ведищев Никита Георгиевич,365,7и,5,X4wzoinA,Ведищев_НГ
102,Самчева Вероника Борисовна,287,10г,3,40Xd2tJs,Самчева_ВБ
103,Пирцхалова Карина Леонидовна,452,10г,5,7Zkc03i3,Пирцхалова_КЛ
104,Павлочев Денис Борисович,432,11д,5,LtL4rggz,Павлочев_ДБ
105,Арашкова Екатерина Евгеньевна,356,8х,None,lESwkZ0u,Арашкова_ЕЕ
106,Байсарова Людмила Василевна,215,11и,2,3Aas2qsp,Байсарова_ЛВ
107,Кудекина Зинаида Игоревна,250,10и,3,JxLY4Uy3,Кудекина_ЗИ
108,Дерналов Виталий Викторович,1,9г,4,skzuE3UJ,Дерналов_ВВ
109,Сазинова Галина Романовна,61,9и,3,Xf8a3Lw8,Сазинова_ГР
110,Остаченова Марина Эдуардовна,229,9т,5,tEDyPGX1,Остаченова_МЭ
111,Битюкова Яна Егоровна,488,9и,4,a3Xi2CgY,Битюкова_ЯЕ
112,Иваницкий Константин Борисович,232,8д,5,KYcsQw2l,Иваницкий_КБ
113,Белянский Владислав Игоревич,74,11б,5,6gr7PNBA,Белянский_ВИ
114,Баранкин Артём Алексеевич,382,9т,2,AqEn2jLE,Баранкин_АА
115,Шкабанова Софья Вадимовна,499,9х,4,D4V9ZmcJ,Шкабанова_СВ
116,Полозлов Денис Адамович,155,8т,3,Q4kRWcix,Полозлов_ДА
117,Жунина Светлана Михайловна,162,8в,3,83GAsDwS,Жунина_СМ
118,Пантыкин Борис Игоревич,245,9х,2,YfSCLEo9,Пантыкин_БИ
119,Доутова Марина Богдановна,189,11х,2,s2L1DIjS,Доутова_МБ
120,Трещалова Яна Андреевна,330,8б,3,92qDYfHs,Трещалова_ЯА
121,Ивашечкин Александр Данилович,390,10т,4,xYxbq6YP,Ивашечкин_АД
122,Мазьянова Инна Богдановна,416,11в,4,Gj1WtnxD,Мазьянова_ИБ
123,Корогев Николай Евгеньевич,184,8б,5,RclgTFK0,Корогев_НЕ
124,Заидова Галина Максимовна,88,9т,4,59z4FtJG,Заидова_ГМ
125,Рамхин Кирилл Алексиевич,459,9х,4,pw4yZEQW,Рамхин_КА
126,Кизбабаев Эдуард Фёдорович,415,11т,2,zDOLh8oc,Кизбабаев_ЭФ
127,Соурчаков Ярослав Валериевич,268,8б,2,7wGzR0LM,Соурчаков_ЯВ
128,Мотяшева Алена Михайловна,404,7т,2,tW41onxB,Мотяшева_АМ
129,Горшкова Наталия Яковлевна,340,11а,2,7I87QG3f,Горшкова_НЯ
130,Зябрицкий Игорь Виталиевич,332,7а,5,tu6n4Wro,Зябрицкий_ИВ
131,Шельдяев Игорь Юриевич,97,7д,5,bUDXolq7,Шельдяев_ИЮ
132,Шмелькин Максим Викторович,483,9т,5,fqAgXhW8,Шмелькин_МВ
133,Жалкин Алексей Алексеевич,43,7а,3,sQ5FUw6h,Жалкин_АА
134,Худасов Денис Максимович,70,10д,2,uO0EzglG,Худасов_ДМ
135,Швичкова Наталья Эдуардовна,398,7г,4,Wz2xyPuN,Швичкова_НЭ
136,Едская Жанна Валерьевна,436,11в,4,2ggcrwTT,Едская_ЖВ
137,Поморзина Полина Евгеньевна,122,7д,4,Ay9hagOd,Поморзина_ПЕ
138,Будачева Кира Олеговна,55,11х,4,bww6QtU0,Будачева_КО
139,Молкаев Василий Валериевич,216,8д,2,bkmazW92,Молкаев_ВВ
140,Яцынин Константин Тимофеевич,285,7г,2,MyCkbb8z,Яцынин_КТ
141,Маховиков Василий Петрович,391,7х,4,5hnIYxWY,Маховиков_ВП
142,Шаметова Евгения Вадимовна,463,7а,2,5qO5ekUi,Шаметова_ЕВ
143,Законнова Жанна Евгеньевна,442,11и,None,v6Y3G0G8,Законнова_ЖЕ
144,Перчихин Аркадий Тимофеевич,164,10т,3,v1Alnd5E,Перчихин_АТ
145,Бурдасова Ксения Игоревна,203,9а,3,W928QQSl,Бурдасова_КИ
146,Киссин Степан Иванович,251,7х,5,6J3Io5fg,Киссин_СИ
147,Вапилина Мария Егоровна,77,7д,2,lobP2hEm,Вапилина_МЕ
148,Сигутина Дарья Федоровна,458,7б,2,ktNG1YAB,Сигутина_ДФ
149,Сошьяков Альберт Фёдорович,17,7т,4,onPfbO9B,Сошьяков_АФ
150,Лугахина Клара Вадимовна,419,8в,4,sIECcos8,Лугахина_КВ
151,Логецкий Анатолий Виталиевич,372,11б,4,QEVgZA4D,Логецкий_АВ
152,Ковайкова Юлия Егоровна,75,10г,2,u5n3cR4e,Ковайкова_ЮЕ
153,Вермутский Валерий Петрович,447,9и,5,eAEGfa9T,Вермутский_ВП
154,Россомахов Олег Юриевич,56,8в,2,GB5GUwCY,Россомахов_ОЮ
155,Циплакова Екатерина Егоровна,471,9б,5,Ry0rAqG7,Циплакова_ЕЕ
156,Квятцева Алла Никитична,138,11в,2,6qa0XuAn,Квятцева_АН
157,Выхухолева Лариса Василевна,384,8б,5,b7ZayMUm,Выхухолева_ЛВ
158,Целохов Андрей Вадимович,433,8и,5,BLwJ7N44,Целохов_АВ
159,Бендин Иван Яковлевич,71,8и,4,P8WOmcIs,Бендин_ИЯ
160,Лазученков Василий Алексеевич,381,7х,2,VYZ9AKjg,Лазученков_ВА
161,Скоропухов Михаил Василиевич,69,10и,3,QwJj7PkZ,Скоропухов_МВ
162,Мухонкин Тарас Романович,126,9и,4,N8MTGbt1,Мухонкин_ТР
163,Камерцев Владимир Кириллович,303,7а,3,80yohdAh,Камерцев_ВК
164,Сандрыкина Анна Олеговна,324,10т,2,jpc6Y6Mz,Сандрыкина_АО
165,Недбайлов Алексей Денисович,15,7т,2,FyRZM87a,Недбайлов_АД
166,Серпков Ярослав Георгиевич,380,10б,4,l1Wepy1X,Серпков_ЯГ
167,Хатшуклов Аркадий Николаевич,42,11т,4,DJIzE8dy,Хатшуклов_АН
168,Литвалиева Алиса Егоровна,10,11и,3,76cB5701,Литвалиева_АЕ
169,Енесина Лиза Валерьевна,293,9б,5,pSveW3Jt,Енесина_ЛВ
170,Пикальков Эдуард Алексиевич,21,8д,5,zKcz0fFf,Пикальков_ЭА
171,Сачинский Валентин Кириллович,125,10т,2,Av1Gwm3b,Сачинский_ВК
172,Тарзанова Евгения Аркадьевна,96,9д,2,Yhc9KDSF,Тарзанова_ЕА
173,Лапундин Юрий Игоревич,267,8и,5,hWGL7SSX,Лапундин_ЮИ
174,Личева Лиза Михайловна,453,9б,3,IzdNqg3o,Личева_ЛМ
175,Смароверов Яков Борисович,131,11в,4,Haqy8ggN,Смароверов_ЯБ
176,Вереина Алла Василевна,295,10и,3,aZowl4J4,Вереина_АВ
177,Погиблева Дарья Леонидовна,283,9в,5,8oiFV1la,Погиблева_ДЛ
178,Байнова Анастасия Вадимовна,363,7б,3,oBB6DRzW,Байнова_АВ
179,Шиловский Вячеслав Максимович,438,9и,4,JuD1oHKY,Шиловский_ВМ
180,Сыждиков Пётр Василиевич,494,11х,5,3aPBRB6e,Сыждиков_ПВ
181,Каценова Алёна Эдуардовна,165,11т,2,vztrPXS2,Каценова_АЭ
182,Мужицких Ева Олеговна,348,8х,3,F8QRltYA,Мужицких_ЕО
183,Плеснецов Степан Юрьевич,22,10а,2,b0ueTlsU,Плеснецов_СЮ
184,Игумнова Алёна Сергеевна,114,9д,4,oy46xrzZ,Игумнова_АС
185,Хадаров Владимир Валериевич,278,11т,5,5kNcv60R,Хадаров_ВВ
186,Ступакова Кира Ивановна,421,8и,3,KSOF6SzL,Ступакова_КИ
187,Шоленинов Федор Максимович,286,11т,4,Dace9yhV,Шоленинов_ФМ
188,Гундаров Руслан Николаевич,158,9д,4,ea4IbTQk,Гундаров_РН
189,Гречишева Марина Андреевна,464,7д,2,sW8pIyu9,Гречишева_МА
190,Утилова Алена Андреевна,253,11д,3,Tm930Y5U,Утилова_АА
191,Роткичева Алиса Максимовна,410,10а,4,m7CSkaxY,Роткичева_АМ
192,Колтышева Марина Вадимовна,87,11г,4,tb61vJ2W,Колтышева_МВ
193,Гурычева Лариса Валерьевна,489,9б,2,4Bv3ehHX,Гурычева_ЛВ
194,Горцева Кристина Никитична,246,8и,4,lvtu0Lyk,Горцева_КН
195,Кутурин Геннадий Денисович,197,9в,2,t5GbBdlj,Кутурин_ГД
196,Стефанков Яков Евгеньевич,318,10г,3,U05vDvdq,Стефанков_ЯЕ
197,Множина Людмила Василевна,90,8б,2,dd8vyvpN,Множина_ЛВ
198,Семисалов Георгий Иванович,316,9в,3,O43K7mrH,Семисалов_ГИ
199,Рогалов Альберт Валериевич,327,9б,2,jQs20aQw,Рогалов_АВ
200,Черетаева Анастасия Олеговна,341,9б,2,6V3EmPdt,Черетаева_АО
201,Радоминова Любовь Игоревна,25,9и,5,3lE3jw0N,Радоминова_ЛИ
202,Шувырина Лиза Андреевна,395,9а,5,2rtCVPsU,Шувырина_ЛА
203,Калиженков Семён Алексеевич,401,11а,4,Ci0rq6Um,Калиженков_СА
204,Старокашин Константин Петрович,309,10а,3,E91cY3T4,Старокашин_КП
205,Малтоцов Аркадий Яковлевич,218,8а,3,m8KsQKhW,Малтоцов_АЯ
206,Кузеванова Ева Егоровна,116,7д,2,NRsz3Ggd,Кузеванова_ЕЕ
207,Нурулина Алёна Егоровна,284,9х,2,1lkA2gqP,Нурулина_АЕ
208,Лератов Герасим Сергеевич,374,10а,4,kM9Laapq,Лератов_ГС
209,Людин Руслан Аркадиевич,498,7и,3,A4DwGxmx,Людин_РА
210,Пурин Виктор Данилович,154,8и,5,eAyXkA0Q,Пурин_ВД
211,Лютов Виктор Юрьевич,288,11г,2,D1hrSebD,Лютов_ВЮ
212,Марюшкина Яна Федоровна,345,10д,5,p5UnEvsS,Марюшкина_ЯФ
213,Томилова Кристина Михайловна,492,11б,3,4xbJjfNV,Томилова_КМ
214,Дистерев Валерий Валериевич,24,7г,3,jy09bAKE,Дистерев_ВВ
215,Дочкин Геннадий Алексиевич,52,11и,5,wN5QtqSm,Дочкин_ГА
216,Иняхин Руслан Сергеевич,234,7и,5,RNZzHCJ2,Иняхин_РС
217,Знайкова Раиса Егоровна,148,11х,3,cmnIOiN8,Знайкова_РЕ
218,Кашавцев Аркадий Леонидович,58,7а,4,FDv2F8kr,Кашавцев_АЛ
219,Пятернина Кристина Андреевна,445,7и,2,aC8P09eB,Пятернина_КА
220,Гусеева Карина Викторовна,263,9и,2,DNc7chox,Гусеева_КВ
221,Кастева Яна Сергеевна,108,7и,2,U8NggjlN,Кастева_ЯС
222,Гришанин Тарас Павлович,113,10т,2,p5oJHl9s,Гришанин_ТП
223,Грамоткин Илья Викторович,195,8д,5,HvCSU1D9,Грамоткин_ИВ
224,Мелисин Геннадий Василиевич,465,10г,2,iP9RrOHG,Мелисин_ГВ
225,Цинина Светлана Яковлевна,105,11г,5,9hsUGXDi,Цинина_СЯ
226,Петов Георгий Адамович,57,9а,2,6jFJO713,Петов_ГА
227,Реева Валентина Максимовна,146,11и,5,x2YWD1L0,Реева_ВМ
228,Слесивых Мария Аркадьевна,35,7и,5,c7UH78de,Слесивых_МА
229,Афтаева Полина Ивановна,193,10д,5,RpmK6R4w,Афтаева_ПИ
230,Кривицкий Валентин Виталиевич,208,8х,5,KFwj8WFM,Кривицкий_ВВ
231,Чубатов Константин Леонидович,279,11а,4,7Lzz2Zxn,Чубатов_КЛ
232,Партенков Геннадий Павлович,418,8х,3,1mlCg0nB,Партенков_ГП
233,Черушев Григорий Борисович,84,7г,4,GCWq6Mlh,Черушев_ГБ
234,Тютекин Георгий Тимофеевич,262,7а,2,w8DrGbmz,Тютекин_ГТ
235,Янкевский Вячеслав Адамович,167,11г,4,pttz9qbW,Янкевский_ВА
236,Сухручкина Клавдия Аркадьевна,177,7в,4,RhghS1dg,Сухручкина_КА
237,Конофалова Клара Петровна,95,11д,5,nxk5vn8Z,Конофалова_КП
238,Лигасов Михаил Павлович,491,11г,4,1vJ6MYWl,Лигасов_МП
239,Писарьков Альберт Игоревич,313,8в,4,4Y5LWHdd,Писарьков_АИ
240,Варов Кирилл Иванович,28,8а,5,rGdFm0DY,Варов_КИ
241,Пурынов Евгений Петрович,244,9и,3,5Glhwk31,Пурынов_ЕП
242,Супрутская Вероника Викторовна,187,9а,2,i2HK6srU,Супрутская_ВВ
243,Скроцкая Алина Федоровна,127,8г,3,NJp9uqe3,Скроцкая_АФ
244,Барадулин Вадим Юрьевич,281,11х,3,FFIsAXn2,Барадулин_ВЮ
245,Точилин Дмитрий Фёдорович,476,8а,2,3T5wUfFu,Точилин_ДФ
246,Бикмуллин Руслан Валериевич,333,11т,2,7uo73qhD,Бикмуллин_РВ
247,Серпичев Василий Алексиевич,394,10х,5,HkoPx0QU,Серпичев_ВА
248,Вострышев Яков Аркадиевич,343,8г,5,7rVOuDqU,Вострышев_ЯА
249,Грушчева София Евгеньевна,480,11в,None,gRQi0Gew,Грушчева_СЕ
250,Кулапов Александр Юрьевич,109,9б,5,r8TXYQNF,Кулапов_АЮ
251,Чибисенков Владислав Фёдорович,375,8х,3,T6HbVp0s,Чибисенков_ВФ
252,Утилов Роман Василиевич,254,9х,2,0sJkWq1t,Утилов_РВ
253,Татаурова Галина Федоровна,145,10т,4,EdWtu94a,Татаурова_ГФ
254,Визавитина Наталия Леонидовна,101,10г,2,701oXhLd,Визавитина_НЛ
255,Мягченков Артём Денисович,115,7б,4,DT5vY9A7,Мягченков_АД
256,Брикова Инна Богдановна,256,9б,4,NhAtbS69,Брикова_ИБ
257,Наторкин Валентин Данилович,319,7и,2,Y7RLxI3Q,Наторкин_ВД
258,Эштрекова Софья Алексеевна,76,9в,3,M8Gfpbpk,Эштрекова_СА
259,Кутаманова Кира Андреевна,182,10т,2,gwvcmr1R,Кутаманова_КА
260,Кыштымова Евгения Эдуардовна,255,8в,5,1zvCvK2B,Кыштымова_ЕЭ
261,Ккнязева Клавдия Дмитриевна,34,7б,5,gObi99CN,Ккнязева_КД
262,Глаголина Алиса Никитична,249,9д,2,ia7LpPeQ,Глаголина_АН
263,Рисина Раиса Валерьевна,451,10а,4,Oi1Gxy6f,Рисина_РВ
264,Ребров Алексей Георгиевич,289,8и,3,3yEjFXCe,Ребров_АГ
265,Вырысалова Александра Евгеньевна,39,11и,2,O4W3zJoD,Вырысалова_АЕ
266,Гомольский Владимир Юриевич,314,11х,5,ymr6zoXi,Гомольский_ВЮ
267,Швинова Марина Федоровна,271,8г,5,5vU6Gxcy,Швинова_МФ
268,Рудковская Инна Дмитриевна,6,7т,3,VVE2aL0e,Рудковская_ИД
269,Решеткина Дарья Василевна,408,10и,3,A5xglYyo,Решеткина_ДВ
270,Евстихеев Игорь Василиевич,422,10х,5,ixgJA3Xm,Евстихеев_ИВ
271,Лазарина Алёна Федоровна,161,8б,3,lbVTo7sQ,Лазарина_АФ
272,Гляченков Григорий Николаевич,431,10а,5,s2rvRObz,Гляченков_ГН
273,Чардынцева Алина Вадимовна,135,10д,3,Es3oIyRz,Чардынцева_АВ
274,Скаредов Яков Иванович,337,9т,5,iNdi5e7D,Скаредов_ЯИ
275,Юрицкий Эдуард Денисович,192,7д,3,9uMNAG96,Юрицкий_ЭД
276,Кравчина Светлана Аркадьевна,413,11г,5,V51kFkmP,Кравчина_СА
277,Чмареткова Полина Вадимовна,449,10а,2,ho8ek3Xr,Чмареткова_ПВ
278,Углова Галина Романовна,260,9г,3,VCz2ZYhG,Углова_ГР
279,Згуровская Виктория Андреевна,220,9т,4,dW048D1A,Згуровская_ВА
280,Секерский Станислав Сергеевич,235,10а,4,bO5Hx5mR,Секерский_СС
281,Жевайкин Евгений Адамович,86,11г,3,ZED8rwSB,Жевайкин_ЕА
282,Коточигов Семён Игоревич,26,9д,5,AqQGql9H,Коточигов_СИ
283,Калонин Альберт Денисович,297,8б,2,GWrlq0pe,Калонин_АД
284,Валягин Григорий Антонович,94,10в,4,25a4UxIO,Валягин_ГА
285,Коцева Кристина Николаевна,412,9г,3,ZMSaXS2q,Коцева_КН
286,Голина Кристина Максимовна,3,7х,3,ZkdnfUI5,Голина_КМ
287,Батрамеев Анатолий Романович,354,9х,3,DSfVou62,Батрамеев_АР
288,Чикмарев Валентин Валериевич,306,9и,5,rivrD6wX,Чикмарев_ВВ
289,Киницына Валерия Олеговна,202,7х,4,vy51YusA,Киницына_ВО
290,Числин Юрий Денисович,121,7в,2,K8XY98wc,Числин_ЮД
291,Стебунова Юлия Романовна,358,9т,3,HSBK19Lb,Стебунова_ЮР
292,Кацов Павел Павлович,236,10г,5,HTRptVj3,Кацов_ПП
293,Гоцев Тарас Викторович,41,8в,3,j7JQzorw,Гоцев_ТВ
294,Мотовицкий Роман Аркадиевич,31,11и,5,dvZN76Sa,Мотовицкий_РА
295,Чурзина Клара Егоровна,308,10б,3,dDCq8Kux,Чурзина_КЕ
296,Щепалкина Валерия Сергеевна,134,9б,4,TB1FXqoM,Щепалкина_ВС
297,Утимишев Ярослав Игоревич,239,11а,3,6JgA04ly,Утимишев_ЯИ
298,Алуханов Кирилл Фёдорович,298,7т,2,UjeFnsN2,Алуханов_КФ
299,Полунеев Валентин Валериевич,307,8и,2,7jZ1sGRa,Полунеев_ВВ
300,Крупенова Наталия Андреевна,209,7в,5,l8mIln58,Крупенова_НА
301,Корнюшин Илья Юрьевич,44,10т,3,aYxK8WtX,Корнюшин_ИЮ
302,Паушева Виолетта Никитична,310,8г,4,A26cew91,Паушева_ВН
303,Берзин Герасим Антонович,349,11т,5,B8VsSieZ,Берзин_ГА
304,Шулунова Алла Алексеевна,54,7д,4,csb8DaeU,Шулунова_АА
305,Трепашова София Яковлевна,399,11а,2,5q4Gb6tY,Трепашова_СЯ
306,Чумейкин Константин Антонович,8,8б,5,ANV32T1q,Чумейкин_КА
307,Польшиков Денис Игоревич,495,9и,2,B3k6z7vV,Польшиков_ДИ
308,Медоусова Жанна Романовна,252,7б,2,98Oby9xw,Медоусова_ЖР
309,Акуратова Клавдия Андреевна,92,9г,5,f99eiVJT,Акуратова_КА
310,Курмеева Елизавета Валерьевна,486,8а,5,Db9Vb3z3,Курмеева_ЕВ
311,Бадов Александр Аркадиевич,217,10г,3,7yXVi0G4,Бадов_АА
312,Бакушин Эдуард Адамович,265,7б,5,nmo2yL2E,Бакушин_ЭА
313,Чебина Инна Сергеевна,273,10т,2,m9RqkFw1,Чебина_ИС
314,Подледнова Наталья Ивановна,112,11и,3,4W8UocuF,Подледнова_НИ
315,Садгеева Лиза Евгеньевна,460,11г,3,8Us4xqOR,Садгеева_ЛЕ
316,Акушин Борис Павлович,493,9т,2,LNI4Bloi,Акушин_БП
317,Аришев Руслан Кириллович,379,10т,3,GEmv9a2e,Аришев_РК
318,Гуслова Кристина Олеговна,389,9в,2,lB0WfGqX,Гуслова_КО
319,Глоточкина Оксана Аркадьевна,370,9и,5,D06jA2SA,Глоточкина_ОА
320,Шапина Маргарита Романовна,163,8б,5,m2XSiqLl,Шапина_МР
321,Дурылин Георгий Валериевич,261,11т,4,He3Svlyi,Дурылин_ГВ
322,Болкисева Анна Викторовна,248,7х,4,ydIve5gR,Болкисева_АВ
323,Багапов Вячеслав Сергеевич,99,7д,4,VsBwmJ2o,Багапов_ВС
324,Люцарева Яна Аркадьевна,376,11б,2,8VGhdUDI,Люцарева_ЯА
325,Боготынина София Егоровна,63,11б,5,Tpd8ZxIZ,Боготынина_СЕ
326,Саюшкин Игорь Алексиевич,211,11х,5,rgr3usHc,Саюшкин_ИА
327,Потешных Тамара Николаевна,468,11в,3,XpJ86Hcb,Потешных_ТН
328,Незлина Жанна Василевна,426,8б,5,9trlMOOd,Незлина_ЖВ
329,Федичева Вероника Кирилловна,37,7х,4,7CQfJV93,Федичева_ВК
330,Пустынкин Вадим Антонович,388,10в,5,P60Mxuqc,Пустынкин_ВА
331,Аринакова Ирина Михайловна,150,8в,5,gZidJ3QJ,Аринакова_ИМ
332,Обиралкова Мария Егоровна,294,11т,5,Xc4CFtB1,Обиралкова_МЕ
333,Аристарова Валентина Максимовна,443,11г,2,sm6TwrkB,Аристарова_ВМ
334,Яуров Герасим Юрьевич,38,9а,5,gjqi4R5K,Яуров_ГЮ
335,Духонькин Вячеслав Фёдорович,2,9в,4,LoIiX5pr,Духонькин_ВФ
336,Гвасков Евгений Михаилович,402,9в,5,p4ZMFEjJ,Гвасков_ЕМ
337,Жабынина Галина Николаевна,185,7х,5,eiW2S8Ll,Жабынина_ГН
338,Шерюкова Виолетта Романовна,440,9б,4,mC8r5eR2,Шерюкова_ВР
339,Колокатов Пётр Евгеньевич,484,10в,3,WQt0E2CO,Колокатов_ПЕ
340,Шайдуков Андрей Михаилович,317,9и,4,3HPmNO3l,Шайдуков_АМ
341,Смирнягина Дарья Игоревна,425,10в,4,8NDgeNRw,Смирнягина_ДИ
342,Штырева Ева Олеговна,258,11и,2,FfuQZm9A,Штырева_ЕО
343,Ашукин Вячеслав Михаилович,191,10т,4,VrIBL47k,Ашукин_ВМ
344,Рубченкова Галина Алексеевна,190,9в,3,X4WJrYcv,Рубченкова_ГА
345,Зархин Иван Алексиевич,478,11и,5,RRnIak1N,Зархин_ИА
346,Адиотов Дмитрий Павлович,156,7б,3,3eiufQvO,Адиотов_ДП
347,Тищенкова Раиса Валерьевна,79,7д,3,Xckg1mot,Тищенкова_РВ
348,Лозеев Илья Петрович,205,10д,2,LIAjWr25,Лозеев_ИП
349,Кобяшов Герасим Михаилович,305,11т,2,6EeZ9UeI,Кобяшов_ГМ
350,Ронова Клавдия Валерьевна,107,7и,4,tW1tK21i,Ронова_КВ
351,Стрижнов Алексей Евгеньевич,385,11г,3,k6FYO4xe,Стрижнов_АЕ
352,Волынский Алексей Виталиевич,362,11т,5,rPh5G9ln,Волынский_АВ
353,Машонский Василий Данилович,23,9д,5,mx9EUxil,Машонский_ВД
354,Буриева Зинаида Аркадьевна,104,11д,4,cs2OSoWg,Буриева_ЗА
355,Борщина Алёна Ивановна,377,11а,5,n1z9Xto1,Борщина_АИ
356,Белчков Олег Иванович,275,10а,4,1GeIBnss,Белчков_ОИ
357,Остропиков Альберт Данилович,157,8г,2,oEoZ4bUQ,Остропиков_АД
358,Оргонова Любовь Максимовна,264,7б,4,vyDm0MnF,Оргонова_ЛМ
359,Мальков Юрий Евгеньевич,228,7г,3,J5if67bH,Мальков_ЮЕ
360,Свльхова Наталья Вадимовна,160,9т,5,X7BL98w9,Свльхова_НВ
361,Мякушков Герасим Леонидович,102,10т,3,pZ9T6pTs,Мякушков_ГЛ
362,Межуев Георгий Юриевич,355,8г,4,77LBiOV7,Межуев_ГЮ
363,Чериншев Александр Сергеевич,439,8а,2,QUC60jva,Чериншев_АС
364,Муниров Алексей Андреевич,117,11г,3,hLI9yAv1,Муниров_АА
365,Климухин Руслан Романович,269,10в,3,4MFWbt0W,Климухин_РР
366,Дембская Екатерина Никитична,64,11б,4,6xFhUPzw,Дембская_ЕН
367,Тюнеев Яков Фёдорович,417,10т,2,sCTx3U5Q,Тюнеев_ЯФ
368,Трушитин Антон Данилович,168,9х,3,yeWMWey7,Трушитин_АД
369,Балакишиев Роман Алексиевич,143,11х,5,C8rxn9xQ,Балакишиев_РА
370,Немтюрева Валерия Аркадьевна,12,10г,4,gbq8wDZX,Немтюрева_ВА
371,Складанова Клавдия Аркадьевна,257,9а,3,q0cEgJFd,Складанова_КА
372,Заходина Полина Леонидовна,93,10д,4,tnWg4XJK,Заходина_ПЛ
373,Муринов Анатолий Борисович,171,11б,5,3vZuNqC1,Муринов_АБ
374,Гришалова Любовь Евгеньевна,301,8т,3,6YexWshq,Гришалова_ЛЕ
375,Ситчихин Станислав Георгиевич,247,8т,5,sclwBzE6,Ситчихин_СГ
376,Просяных Георгий Василиевич,366,9в,2,ZAM0lYGv,Просяных_ГВ
377,Дзабиев Григорий Георгиевич,259,11д,5,4knivU2N,Дзабиев_ГГ
378,Рыбаулин Григорий Алексеевич,140,11а,5,gY6SS8FR,Рыбаулин_ГА
379,Тупиева Екатерина Ивановна,400,7д,2,OAnE8qwl,Тупиева_ЕИ
380,Куверчева Алена Ивановна,170,10д,3,dh9sb7La,Куверчева_АИ
381,Цаблинова Виктория Богдановна,342,9г,4,hYjjs90G,Цаблинова_ВБ
382,Синенков Григорий Леонидович,230,9в,5,yeBb6ykU,Синенков_ГЛ
383,Лизункин Артур Олегович,4,11в,5,06Pme16O,Лизункин_АО
384,Славущева Александра Эдуардовна,81,8а,5,Ej8GKkN4,Славущева_АЭ
385,Шахвердов Дмитрий Антонович,132,11б,2,WQeTwNw5,Шахвердов_ДА
386,Рапацкая Ольга Ивановна,223,10г,3,7ZZv7x2H,Рапацкая_ОИ
387,Сторокожев Виталий Аркадиевич,159,9б,2,M2NRXR2w,Сторокожев_ВА
388,Половодов Кирилл Николаевич,18,8т,5,6GC976xn,Половодов_КН
389,Халтанова Алена Дмитриевна,49,8б,3,BfA87fSg,Халтанова_АД
390,Заложнев Роман Фёдорович,448,8в,4,MAY1mvAE,Заложнев_РФ
391,Рыжих Кристина Аркадьевна,213,7а,4,Ic8fVwTx,Рыжих_КА
392,Буров Руслан Игоревич,405,11и,5,U03rG5Uf,Буров_РИ
393,Гачков Виталий Евгеньевич,277,9т,4,BCg6e8zo,Гачков_ВЕ
394,Кадилов Геннадий Борисович,225,10в,3,XZ6Vlvs2,Кадилов_ГБ
395,Гликина Алёна Эдуардовна,454,9б,3,8u14ZBlt,Гликина_АЭ
396,Ичкинина Любовь Андреевна,299,8г,5,xCnUlKP4,Ичкинина_ЛА
397,Мозшорина Кира Дмитриевна,65,8б,3,bbN7bp1b,Мозшорина_КД
398,Брижеватов Константин Борисович,152,11т,2,9CwWuohs,Брижеватов_КБ
399,Бучеров Тарас Викторович,429,10д,4,njxoR3br,Бучеров_ТВ
400,Мисютина Валерия Эдуардовна,368,9г,2,pL0xK3Hi,Мисютина_ВЭ
401,Льянов Федор Вадимович,328,8а,4,9hqOcMdM,Льянов_ФВ
402,Щуркин Георгий Яковлевич,180,8в,4,ma5gBGmM,Щуркин_ГЯ
403,Акулин Федор Адамович,241,10г,4,14cg8Sno,Акулин_ФА
404,Волженкова Екатерина Ивановна,233,9д,4,IAZeg8CV,Волженкова_ЕИ
405,Махометова София Викторовна,424,8и,3,VFdo1DIW,Махометова_СВ
406,Зызлов Геннадий Антонович,274,7в,3,YWB7Eymm,Зызлов_ГА
407,Девляшова Кира Олеговна,51,11д,5,6e5ic9Kn,Девляшова_КО
408,Яковкина Алена Никитична,320,9т,5,AJBgilD0,Яковкина_АН
409,Бузулев Вадим Николаевич,331,10д,3,Ffttv7bK,Бузулев_ВН
410,Ганельский Юрий Юриевич,474,9д,3,N8hAvQ9C,Ганельский_ЮЮ
411,Шкапрова Ева Ивановна,371,7б,5,PdnZf5S8,Шкапрова_ЕИ
412,Чичирин Владимир Георгиевич,11,10а,4,7xmFNTDd,Чичирин_ВГ
413,Шилова Надежда Викторовна,124,9б,2,nkgdrm1T,Шилова_НВ
414,Коваев Руслан Михаилович,487,9т,3,8btH15t4,Коваев_РМ
415,Саверина Надежда Андреевна,407,11б,4,lc5wZpyd,Саверина_НА
416,Тишанкин Олег Адамович,334,9д,3,AGjgL9Yf,Тишанкин_ОА
417,Широпаев Валерий Сергеевич,406,9б,2,k47FbDLs,Широпаев_ВС
418,Щепанин Олег Адамович,226,7а,3,NfV8xGZ7,Щепанин_ОА
419,Оплетин Владислав Аркадиевич,361,10х,4,uLoJE6ge,Оплетин_ВА
420,Оденова Карина Андреевна,409,8и,4,lIUGly3r,Оденова_КА
421,Семагин Альберт Андреевич,456,10х,4,EARv55tX,Семагин_АА
422,Черданцева Анастасия Олеговна,128,8х,3,dxGK4dfW,Черданцева_АО
423,Лонцова Елизавета Эдуардовна,224,7х,3,AxWgi57Q,Лонцова_ЕЭ
424,Сарсекеева Алёна Никитична,462,11и,4,2mO5D7D9,Сарсекеева_АН
425,Аковецкий Антон Евгеньевич,500,8б,4,GhUg3AKd,Аковецкий_АЕ
426,Аратский Станислав Борисович,351,9и,2,5T8rspod,Аратский_СБ
427,Чужриков Пётр Денисович,200,9в,3,z09xpHHH,Чужриков_ПД
428,Никитшин Алексей Кириллович,111,11и,3,b8gPHnUi,Никитшин_АК
429,Симендяев Василий Алексиевич,45,8д,4,iN5xjaWB,Симендяев_ВА
430,Ошитков Максим Сергеевич,151,10г,4,3M2ou4A4,Ошитков_МС
431,Юрасов Евгений Романович,338,9и,3,Wmu5rx35,Юрасов_ЕР
432,Головяшин Павел Юриевич,179,7г,5,aBu5EGfU,Головяшин_ПЮ
433,Манжурина Екатерина Сергеевна,219,7т,3,n4WvXH9z,Манжурина_ЕС
434,Никурашин Олег Евгеньевич,291,11х,2,D5tB3wyh,Никурашин_ОЕ
435,Бехтерев Федор Вадимович,137,9х,3,ZyVatv23,Бехтерев_ФВ
436,Годлевская Катерина Дмитриевна,403,11г,3,AtpNIrt5,Годлевская_КД
437,Акиярова Алина Эдуардовна,9,11а,4,dMvyGQB4,Акиярова_АЭ
438,Милина Алена Петровна,359,8г,3,DmedwRP7,Милина_АП
439,Воловин Борис Викторович,350,7т,2,trALsZA4,Воловин_БВ
440,Туморина Ксения Федоровна,133,8б,5,8S1RGxpM,Туморина_КФ
441,Желейков Вячеслав Яковлевич,199,8г,3,p1qtxK4k,Желейков_ВЯ
442,Шишорнина Екатерина Алексеевна,183,8т,3,lr85jQsR,Шишорнина_ЕА
443,Юумогулова Виолетта Игоревна,311,10х,3,RAFsnl85,Юумогулова_ВИ
444,Рецков Денис Денисович,85,10д,2,rjer36IB,Рецков_ДД
445,Химунина Елизавета Ивановна,392,7д,2,Q0H6rNpq,Химунина_ЕИ
446,Кобрянов Александр Алексиевич,455,7т,2,UgKx8idc,Кобрянов_АА
447,Бирылов Тарас Данилович,243,11а,3,0iW1NplG,Бирылов_ТД
448,Туфатулин Ярослав Леонидович,485,8х,4,d35xO0QN,Туфатулин_ЯЛ
449,Долбишев Николай Аркадиевич,292,10б,5,JPVq94ci,Долбишев_НА
450,Махтумова Алёна Эдуардовна,186,10б,4,A5p1wasb,Махтумова_АЭ
451,Нарзаркин Алексей Романович,423,10т,2,cGdl6wId,Нарзаркин_АР
452,Куранина Алена Леонидовна,196,9б,4,d9UvGfcl,Куранина_АЛ
453,Ситюков Аркадий Евгеньевич,32,10в,3,yzEeZ2iQ,Ситюков_АЕ
454,Мизюрова Алиса Никитична,176,7г,4,RjPtx1gN,Мизюрова_АН
455,Пандурова Алиса Дмитриевна,130,9б,2,tH3kmTnE,Пандурова_АД
456,Жилейкин Борис Тимофеевич,91,7в,2,LzYKUX16,Жилейкин_БТ
457,Корпункова Виолетта Сергеевна,83,11а,3,jy5ettNH,Корпункова_ВС
458,Пашохонова Анастасия Федоровна,467,9в,4,3HslW6Ha,Пашохонова_АФ
459,Сузальцева Тамара Михайловна,357,8х,4,dJy7cwuC,Сузальцева_ТМ
460,Чиличкина Светлана Яковлевна,5,8в,5,ZnjA3vgc,Чиличкина_СЯ
461,Шантыкова Карина Максимовна,198,10д,3,tO6yKqGe,Шантыкова_КМ
462,Недосекин Владислав Яковлевич,457,10а,4,DJLW3wt4,Недосекин_ВЯ
463,Максимкин Федор Фёдорович,172,10г,2,HH0bCz7V,Максимкин_ФФ
464,Матбиюшина Виктория Игоревна,237,8д,2,mpogqW55,Матбиюшина_ВИ
465,Шишкунов Герасим Юрьевич,110,8т,4,qea0Pw92,Шишкунов_ГЮ
466,Сухинин Георгий Алексиевич,475,10х,4,ZqpoFJQ9,Сухинин_ГА
467,Бисеева Полина Романовна,48,7д,5,IOvcke9U,Бисеева_ПР
468,Жукулов Михаил Денисович,60,11г,3,fJ7ClA70,Жукулов_МД
469,Тоняев Герасим Петрович,378,9т,5,PCw1zN6u,Тоняев_ГП
470,Шушенкова Алёна Олеговна,36,7и,2,H93aOXyd,Шушенкова_АО
471,Разроев Дмитрий Павлович,59,9а,2,X4wRiPwi,Разроев_ДП
472,Баззаев Анатолий Данилович,339,9д,2,DbQiuED2,Баззаев_АД
473,Цекова Алла Олеговна,50,8д,2,OYwkra1h,Цекова_АО
474,Аборонова Алиса Алексеевна,444,7г,5,tRMCWY0r,Аборонова_АА
475,Ягловская Ева Олеговна,181,8в,4,m9377lBf,Ягловская_ЕО
476,Шароварова Яна Романовна,175,8а,4,Q83mRq7E,Шароварова_ЯР
477,Общев Яков Викторович,466,8а,4,kP3ZmU0s,Общев_ЯВ
478,Ойзерская Катерина Эдуардовна,120,7х,2,Oqaghl50,Ойзерская_КЭ
479,Прусский Ярослав Иванович,479,11б,2,JeiEll7a,Прусский_ЯИ
480,Лабинов Павел Алексеевич,272,7б,5,a3mXKnPR,Лабинов_ПА
481,Покровов Эдуард Павлович,312,8б,2,ZS6UY1b4,Покровов_ЭП
482,Мачехин Эдуард Данилович,19,7д,3,ibP1jz4S,Мачехин_ЭД
483,Кодорская Раиса Ивановна,27,11б,3,3hoxk2Co,Кодорская_РИ
484,Кондраева Марина Ивановна,469,9д,3,8HunVDBz,Кондраева_МИ
485,Бульенков Валентин Иванович,136,10т,4,aEa9uc3j,Бульенков_ВИ
486,Тагакова Вероника Яковлевна,393,8т,4,Jgy22QG0,Тагакова_ВЯ
487,Гершанова Любовь Евгеньевна,383,11т,5,lNCoVf9s,Гершанова_ЛЕ
488,Салина Алена Егоровна,73,11в,5,7xkJ39av,Салина_АЕ
489,Фрумова Зинаида Аркадьевна,78,8а,4,jEULV2VA,Фрумова_ЗА
490,Хорняков Борис Борисович,13,8г,2,Eo6fh44y,Хорняков_ББ
491,Гдагазина Лиза Василевна,212,9т,5,7xYiYbpv,Гдагазина_ЛВ
492,Агаршев Ярослав Михаилович,276,9т,2,Vv1hzCmp,Агаршев_ЯМ
493,Корюшин Пётр Антонович,326,8х,2,cGI9Cj86,Корюшин_ПА
494,Калаев Пётр Алексиевич,68,8а,3,ZfqM4RVi,Калаев_ПА
495,Ккаталкина Виолетта Егоровна,53,7б,2,C5iXiPNZ,Ккаталкина_ВЕ
496,Рачнов Герасим Алексеевич,103,10а,5,Je6XOGm0,Рачнов_ГА
497,Миндубаева Людмила Леонидовна,477,11и,2,PSlCNSP5,Миндубаева_ЛЛ
498,Агафьева Вера Ивановна,352,11х,3,JuS1FxCj,Агафьева_ВИ
499,Житин Эдуард Адамович,481,9а,5,j9oesVMn,Житин_ЭА
